Notebook,Date,Project
a,13/10/17,DPA
a,13/10/17,DPA
a,13/10/17,DPA
a,13/10/17,DPA
a,13/10/17,DPA
a,13/10/17,DPA
a,14/10/17,unas
a,14/10/17,unas
a,15/10/17,ConPara
a,16/10/17,ERE
a,17/10/17,HF
a,17/10/17,HF
a,17/10/17,HF
a,19/10/17,HF
a,18/10/17,unas
a,18/10/17,unas
a,23/10/17,unas
a,23/10/17,Satel
a,23/10/17,msve
a,23/10/17,msve
a,23/10/17,msve
a,23/10/17,unas
a,23/10/17,unas
a,23/10/17,unas
a,23/10/17,unas
a,23/10/17,HF
a,23/10/17,HF
a,23/10/17,HF
a,23/10/17,unas
a,23/10/17,unas
a,24/10/17,msve
a,24/10/17,msve
a,24/10/17,schoolessay
a,24/10/17,schoolessay
a,24/10/17,MintFor
a,24/10/17,MintFor
a,24/10/17,MintFor
a,24/10/17,MintFor
a,24/10/17,MintFor
a,24/10/17,MintFor
a,24/10/17,msve
a,24/10/17,MintFor
a,24/10/17,MintFor
a,24/10/17,MintFor
a,25/10/17,MintFor
a,25/10/17,MintFor
a,25/10/17,MintFor
a,25/10/17,MintFor
a,25/10/17,MintFor
a,25/10/17,MintFor
a,25/10/17,MintFor
a,25/10/17,MintFor
a,25/10/17,MintFor
a,25/10/17,MintFor
a,25/10/17,MintFor
a,25/10/17,MintFor
a,25/10/17,unas
a,26/10/17,unas
a,26/10/17,schoolessay
a,26/10/17,unas
a,26/10/17,MintFor
a,27/10/17,HF
a,27/10/17,HF
a,28/10/17,GulPara
a,30/10/17,unas
a,30/10/17,unas
a,30/10/17,unas
a,31/10/17,DPA
a,31/10/17,DPA
a,31/10/17,DPA
a,31/10/17,DPA
a,31/10/17,DPA
a,31/10/17,DPA
a,31/10/17,RzRoof
a,01/11/17,unas
a,01/11/17,GrapMar
a,01/11/17,GrapMar
a,02/11/17,GrapMar
a,02/11/17,GrapMar
a,02/11/17,DPA
a,02/11/17,DPA
a,02/11/17,MintFor
a,03/11/17,unas
a,03/11/17,msve
a,03/11/17,unas
a,03/11/17,unas
a,04/11/17,unas
a,04/11/17,unas
a,04/11/17,unas
a,04/11/17,unas
a,04/11/17,ConPara
a,04/11/17,ancr
a,04/11/17,ancr
a,04/11/17,msve
a,04/11/17,msve
a,04/11/17,GGLC
a,05/11/17,ancr
a,05/11/17,DPA
a,06/11/17,unas
a,06/11/17,SFRH
a,06/11/17,SFRH
a,06/11/17,SFRH
a,06/11/17,ancr
a,06/11/17,unas
a,06/11/17,unas
a,07/11/17,BarProf
a,08/11/17,ancr
a,08/11/17,HF
a,08/11/17,HF
a,08/11/17,HF
a,09/11/17,SacOrSum
a,09/11/17,unas
a,10/11/17,MintFor
a,10/11/17,MintFor
a,11/11/17,ancr
a,11/11/17,ancr
a,13/11/17,AmoLaD
a,13/11/17,AmoLaD
a,14/11/17,unas
a,14/11/17,unas
a,14/11/17,unas
a,14/11/17,DKCoffee
a,14/11/17,unas
a,16/11/17,CSL
a,16/11/17,CSL
a,16/11/17,DKCoffee
a,16/11/17,ancr
a,17/11/17,MintFor
a,17/11/17,MintFor
a,18/11/17,unas
a,18/11/17,unas
a,18/11/17,unas
a,18/11/17,unas
a,19/11/17,schoolessay
a,19/11/17,DKCoffee
a,19/11/17,DKCoffee
a,19/11/17,DKCoffee
a,19/11/17,DKCoffee
a,19/11/17,DKCoffee
a,19/11/17,DKCoffee
a,19/11/17,DKCoffee
a,20/11/17,unas
a,20/11/17,unas
a,20/11/17,unas
a,20/11/17,DKCoffee
a,20/11/17,DKCoffee
a,20/11/17,DKCoffee
a,20/11/17,DKCoffee
a,21/11/17,DKCoffee
a,21/11/17,VocCyberPhunk
a,21/11/17,unas
a,21/11/17,unas
a,22/11/17,unas
a,23/11/17,unas
a,23/11/17,unas
a,23/11/17,unas
a,23/11/17,HF
a,23/11/17,HF
a,23/11/17,HF
a,24/11/17,unas
a,24/11/17,SRS
a,24/11/17,SRS
a,24/11/17,ConPara
a,24/11/17,unas
a,24/11/17,ancr
a,25/11/17,DKCoffee
a,25/11/17,HF
a,25/11/17,HF
a,25/11/17,HF
a,25/11/17,HF
a,25/11/17,unas
a,25/11/17,ProtagRehab
a,25/11/17,ProtagRehab
a,25/11/17,ProtagRehab
a,26/11/17,Satel
a,26/11/17,Satel
a,26/11/17,Satel
a,26/11/17,Satel
a,26/11/17,Satel
a,26/11/17,Satel
a,26/11/17,Satel
a,26/11/17,Satel
a,26/11/17,Satel
a,26/11/17,Satel
a,26/11/17,Satel
a,26/11/17,DerpIn
a,26/11/17,DerpIn
a,26/11/17,DerpIn
a,26/11/17,DerpIn
a,26/11/17,DerpIn
a,26/11/17,DerpIn
a,26/11/17,DerpIn
a,26/11/17,DerpIn
a,26/11/17,DerpIn
a,26/11/17,DerpIn
a,26/11/17,DerpIn
a,27/11/17,DKCoffee
a,27/11/17,HF
a,28/11/17,unas
a,28/11/17,IlliumWeb
a,28/11/17,IlliumWeb
a,28/11/17,IlliumWeb
a,28/11/17,unas
a,28/11/17,unas
a,29/11/17,AmoLaD
a,29/11/17,AmoLaD
a,29/11/17,AmoLaD
a,29/11/17,AmoLaD
a,29/11/17,AmoLaD
a,29/11/17,AmoLaD
a,29/11/17,DKCoffee
a,29/11/17,DKCoffee
a,29/11/17,DKCoffee
a,29/11/17,DKCoffee
a,29/11/17,DKCoffee
a,29/11/17,DKCoffee
a,29/11/17,DKCoffee
a,30/11/17,AmoLaD
a,30/11/17,AmoLaD
a,01/12/17,AmoLaD
a,01/12/17,DKCoffee
a,01/12/17,DKCoffee
a,01/12/17,DKCoffee
a,01/12/17,VanThef
a,02/12/17,HS&T
a,02/12/17,ProcOldNew
a,02/12/17,ProcOldNew
a,02/12/17,ProcOldNew
a,02/12/17,ProcOldNew
a,02/12/17,ProcOldNew
a,02/12/17,ProcOldNew
a,02/12/17,ProcOldNew
a,02/12/17,ProcOldNew
a,02/12/17,ProcOldNew
a,02/12/17,ProcOldNew
a,02/12/17,HS&T
a,03/12/17,HS&T
a,04/12/17,ProcOldNew
a,04/12/17,unas
a,04/12/17,unas
a,04/12/17,unas
a,05/12/17,LoBB
a,05/12/17,ProcOldNew
a,05/12/17,ProcOldNew
a,05/12/17,ProcOldNew
a,05/12/17,unas
a,05/12/17,unas
a,05/12/17,unas
a,05/12/17,HS&T
a,06/12/17,SRS
a,06/12/17,ProcOldNew
a,06/12/17,Starshell
a,06/12/17,Starshell
a,06/12/17,Starshell
a,06/12/17,Starshell
a,06/12/17,schoolessay
a,06/12/17,ProtagRehab
a,07/12/17,GGLC
a,08/12/17,unas
a,08/12/17,unas
a,08/12/17,unas
a,08/12/17,unas
a,08/12/17,AmoLaD
a,08/12/17,AmoLaD
a,08/12/17,DKCoffee
a,08/12/17,DKCoffee
a,08/12/17,unas
a,09/12/17,schoolessay
a,10/12/17,unas
a,10/12/17,unas
a,10/12/17,unas
a,10/12/17,unas
a,10/12/17,unas
a,10/12/17,AmoLaD
a,11/12/17,GGLC
a,11/12/17,GGLC
a,12/12/17,unas
a,13/12/17,IlliumWeb
a,13/12/17,IlliumWeb
a,13/12/17,IlliumWeb
a,13/12/17,IlliumWeb
a,13/12/17,IlliumWeb
a,13/12/17,IlliumWeb
a,13/12/17,unas
a,13/12/17,IlliumWeb
a,13/12/17,IlliumWeb
a,13/12/17,IlliumWeb
a,13/12/17,TinTL
a,13/12/17,TinTL
a,13/12/17,IlliumWeb
a,14/12/17,IlliumWeb
a,14/12/17,IlliumWeb
a,14/12/17,IlliumWeb
a,14/12/17,IlliumWeb
a,14/12/17,IlliumWeb
a,14/12/17,GP
a,14/12/17,GP
a,14/12/17,GP
a,14/12/17,GP
a,14/12/17,GP
a,14/12/17,GP
a,16/12/17,GP
a,16/12/17,GP
a,16/12/17,unas
a,17/12/17,AmoLaD
a,17/12/17,AmoLaD
a,17/12/17,AmoLaD
a,17/12/17,AmoLaD
a,17/12/17,AmoLaD
a,17/12/17,IlliumWeb
a,17/12/17,ProtagRehab
a,18/12/17,unas
a,18/12/17,unas
a,18/12/17,unas
a,19/12/17,Satel
a,19/12/17,Satel
a,19/12/17,Satel
a,19/12/17,Satel
a,19/12/17,CSL
a,19/12/17,unas
a,19/12/17,unas
a,19/12/17,unas
a,19/12/17,unas
a,19/12/17,unas
a,20/12/17,unas
a,21/12/17,unas
a,21/12/17,FL
a,21/12/17,unas
a,21/12/17,unas
a,21/12/17,unas
a,21/12/17,DKCoffee
a,22/12/17,unas
a,22/12/17,ancr
a,23/12/17,unas
a,23/12/17,unas
a,23/12/17,unas
a,23/12/17,unas
a,23/12/17,StrShr
a,23/12/17,StrShr
a,23/12/17,StrShr
a,23/12/17,StrShr
a,23/12/17,StrShr
a,23/12/17,StrShr
a,24/12/17,GP
a,24/12/17,GP
a,24/12/17,GP
a,24/12/17,DKCoffee
a,24/12/17,DKCoffee
a,26/12/17,ProtagRehab
a,27/12/17,unas
a,28/12/17,VytDecon
a,28/12/17,unas
a,28/12/17,VytDecon
a,28/12/17,VytDecon
a,28/12/17,VytDecon
a,28/12/17,VytDecon
a,28/12/17,VytDecon
a,28/12/17,VytDecon
a,28/12/17,VytDecon
a,28/12/17,ProtagRehab
a,28/12/17,ProtagRehab
a,29/12/17,VytDecon
a,30/12/17,SRS
a,30/12/17,unas
a,30/12/17,unas
a,30/12/17,StrShr
a,30/12/17,unas
a,30/12/17,unas
a,30/12/17,HS&T
a,30/12/17,HS&T
a,31/12/17,unas
a,02/01/18,unas
a,02/01/18,GP
a,02/01/18,GP
a,02/01/18,GP
a,02/01/18,unas
a,02/01/18,unas
a,03/01/18,VytDecon
a,03/01/18,VytDecon
a,04/01/18,OurPurg
a,04/01/18,OurPurg
a,04/01/18,unas
a,04/01/18,unas
a,04/01/18,unas
a,05/01/18,SRS
a,05/01/18,HYWannaBK
a,05/01/18,HYWannaBK
a,06/01/18,unas
a,06/01/18,unas
a,06/01/18,unas
a,07/01/18,HF
a,07/01/18,HF
a,07/01/18,HF
a,09/01/18,unas
a,09/01/18,unas
a,09/01/18,ProtagRehab
a,09/01/18,ProtagRehab
a,11/01/18,PlanDesign
a,11/01/18,PlanDesign
a,11/01/18,PlanDesign
a,11/01/18,PlanDesign
a,11/01/18,PlanDesign
a,11/01/18,PlanDesign
a,11/01/18,PlanDesign
a,11/01/18,unas
a,11/01/18,unas
a,12/01/18,unas
a,12/01/18,unas
a,12/01/18,unas
a,12/01/18,unas
a,12/01/18,unas
a,12/01/18,unas
a,13/01/18,unas
a,17/01/18,unas
a,17/01/18,unas
a,17/01/18,unas
a,17/01/18,unas
a,17/01/18,GsGame
a,17/01/18,unas
a,17/01/18,unas
a,18/01/18,unas
a,18/01/18,unas
a,18/01/18,unas
a,19/01/18,BakApprentice
a,19/01/18,unas
a,19/01/18,unas
a,19/01/18,unas
a,20/01/18,StrShr
a,20/01/18,ConPara
a,20/01/18,ConPara
a,20/01/18,unas
a,20/01/18,ConPara
a,20/01/18,ConPara
a,20/01/18,unas
a,20/01/18,unas
a,20/01/18,unas
a,21/01/18,PlanDesign
a,21/01/18,PlanDesign
a,21/01/18,ConPara
a,21/01/18,unas
a,21/01/18,unas
a,22/01/18,unas
a,25/01/18,Satel
a,25/01/18,unas
a,25/01/18,unas
a,26/01/18,SRS
a,26/01/18,SRS
a,26/01/18,SRS
a,27/01/18,PlanDesign
a,27/01/18,unas
a,27/01/18,unas
a,28/01/18,unas
a,28/01/18,unas
a,28/01/18,unas
a,28/01/18,unas
a,29/01/18,unas
a,29/01/18,unas
a,29/01/18,unas
a,29/01/18,unas
a,29/01/18,sillyLit
a,30/01/18,IlliumWeb
a,31/01/18,GP
a,31/01/18,schoolessay
a,31/01/18,schoolessay
a,01/02/18,WWR
a,01/02/18,WWR
a,02/02/18,unas
a,02/02/18,DerpIn
a,02/02/18,DerpIn
a,02/02/18,DerpIn
a,02/02/18,GP
a,03/02/18,unas
a,03/02/18,unas
a,03/02/18,MADFG
a,04/02/18,unas
a,04/02/18,unas
a,04/02/18,Satel
a,04/02/18,unas
a,04/02/18,unas
a,04/02/18,unas
a,04/02/18,IlliumWeb
a,04/02/18,SRS
a,05/02/18,SRS
a,05/02/18,SRS
a,05/02/18,SRS
a,05/02/18,unas
a,05/02/18,unas
a,05/02/18,unas
a,05/02/18,unas
a,06/02/18,unas
a,07/02/18,unas
a,07/02/18,CSL
a,07/02/18,CSL
a,07/02/18,CSL
a,07/02/18,unas
a,07/02/18,unas
a,08/02/18,unas
a,08/02/18,unas
a,08/02/18,unas
a,08/02/18,unas
a,08/02/18,unas
a,08/02/18,unas
a,09/02/18,unas
a,09/02/18,unas
a,09/02/18,HS&T
a,09/02/18,HS&T
a,09/02/18,HS&T
a,09/02/18,HS&T
a,10/02/18,unas
a,10/02/18,DKCoffee
a,10/02/18,unas
a,10/02/18,ProtagRehab
a,10/02/18,unas
a,11/02/18,unas
a,11/02/18,To2An
a,12/02/18,AmoLaD
a,13/02/18,unas
a,13/02/18,unas
a,13/02/18,SRS
a,13/02/18,unas
a,14/02/18,unas
a,14/02/18,AmoLaD
a,16/02/18,unas
a,17/02/18,unas
a,17/02/18,unas
a,17/02/18,unas
a,18/02/18,GhoChess
a,18/02/18,GhoChess
a,18/02/18,GhoChess
a,18/02/18,GhoChess
a,18/02/18,unas
a,19/02/18,unas
a,20/02/18,unas
a,20/02/18,unas
a,20/02/18,unas
a,21/02/18,unas
a,21/02/18,unas
a,23/02/18,unas
a,23/02/18,unas
a,28/02/18,unas
a,28/02/18,unas
a,01/03/18,unas
a,01/03/18,unas
a,01/03/18,unas
a,01/03/18,AmoLaD
a,01/03/18,AmoLaD
a,01/03/18,SRS
a,01/03/18,SRS
a,01/03/18,SRS
a,03/03/18,MintFor
a,03/03/18,MintFor
a,03/03/18,unas
a,03/03/18,unas
a,03/03/18,unas
a,03/03/18,unas
a,05/03/18,unas
a,07/03/18,unas
a,09/03/18,SRS
a,11/03/18,Satel
a,11/03/18,unas
a,11/03/18,Satel
a,11/03/18,Himi
a,12/03/18,unas
a,12/03/18,unas
a,12/03/18,unas
a,12/03/18,unas
a,12/03/18,unas
a,12/03/18,unas
a,16/03/18,unas
a,17/03/18,unas
a,17/03/18,unas
a,18/03/18,unas
a,18/03/18,CSL
a,18/03/18,unas
a,19/03/18,unas
a,20/03/18,unas
a,20/03/18,unas
a,20/03/18,unas
a,23/03/18,unas
a,23/03/18,MintFor
a,23/03/18,unas
a,23/03/18,unas
a,23/03/18,unas
a,23/03/18,unas
a,23/03/18,Satel
a,23/03/18,Satel
a,24/03/18,unas
a,24/03/18,unas
a,26/03/18,unas
a,27/03/18,ancr
a,28/03/18,unas
a,28/03/18,unas
a,28/03/18,unas
a,28/03/18,MintFor
a,28/03/18,unas
a,28/03/18,unas
a,29/03/18,unas
a,29/03/18,unas
a,29/03/18,unas
a,30/03/18,Satel
a,30/03/18,unas
b,25/01/18,Satel
b,26/01/18,unas
b,26/01/18,unas
b,26/01/18,unas
b,26/01/18,unas
b,28/01/18,unas
b,28/01/18,unas
b,01/03/18,unas
b,09/03/18,unas
b,10/03/18,unas
b,14/03/18,unas
b,15/03/18,unas
b,15/03/18,unas
b,15/03/18,KG0
b,15/03/18,KG0
b,15/03/18,KG0
b,16/03/18,unas
b,20/03/18,unas
b,20/03/18,unas
b,20/03/18,unas
b,20/03/18,unas
b,22/03/18,unas
b,24/03/18,unas
b,30/03/18,unas
b,31/03/18,ancr
b,31/03/18,Satel
b,01/04/18,unas
b,01/04/18,unas
b,02/04/18,GsGame
b,03/04/18,Satel
b,03/04/18,Satel
b,03/04/18,Satel
b,03/04/18,Satel
b,03/04/18,Satel
b,03/04/18,Satel
b,03/04/18,Exod
b,03/04/18,Satel
b,03/04/18,unas
b,03/04/18,unas
b,04/04/18,unas
b,05/04/18,ancr
b,05/04/18,unas
b,05/04/18,unas
b,05/04/18,unas
b,07/04/18,WWR
b,07/04/18,WWR
b,07/04/18,WWR
b,07/04/18,WWR
b,07/04/18,WWR
b,07/04/18,VoyOber
b,08/04/18,unas
b,08/04/18,SRS
b,08/04/18,SRS
b,08/04/18,ToTD
b,08/04/18,ToTD
b,08/04/18,ToTD
b,09/04/18,VocCyberPhunk
b,09/04/18,unas
b,09/04/18,unas
b,09/04/18,unas
b,10/04/18,unas
b,12/04/18,unas
b,12/04/18,schoolessay
b,12/04/18,unas
b,13/04/18,unas
b,13/04/18,unas
b,13/04/18,unas
b,13/04/18,unas
b,13/04/18,SRS
b,13/04/18,SRS
b,14/04/18,OHWNW
b,14/04/18,unas
b,14/04/18,unas
b,14/04/18,GulPara
b,16/04/18,unas
b,16/04/18,ancr
b,16/04/18,unas
b,16/04/18,unas
b,17/04/18,unas
b,17/04/18,unas
b,18/04/18,unas
b,18/04/18,unas
b,18/04/18,HF
b,19/04/18,MeDa
b,19/04/18,unas
b,19/04/18,unas
b,20/04/18,AoL
b,20/04/18,AoL
b,21/04/18,HS&T
b,21/04/18,HS&T
b,23/04/18,unas
b,24/04/18,unas
b,24/04/18,unas
b,24/04/18,Satel
b,24/04/18,Satel
b,24/04/18,F&K
b,25/04/18,unas
b,25/04/18,unas
b,25/04/18,unas
b,26/04/18,Satel
b,26/04/18,Satel
b,26/04/18,unas
b,27/04/18,unas
b,27/04/18,unas
b,27/04/18,unas
b,27/04/18,unas
b,27/04/18,unas
b,27/04/18,F&K
b,28/04/18,unas
b,28/04/18,unas
b,28/04/18,HF
b,28/04/18,HF
b,28/04/18,F&K
b,28/04/18,ancr
b,29/04/18,ancr
b,29/04/18,unas
b,29/04/18,F&K
b,29/04/18,F&K
b,30/04/18,unas
b,30/04/18,unas
b,30/04/18,unas
b,30/04/18,unas
b,30/04/18,unas
b,01/05/18,unas
b,01/05/18,unas
b,01/05/18,unas
b,01/05/18,unas
b,01/05/18,unas
b,01/05/18,unas
b,01/05/18,unas
b,01/05/18,Satel
b,01/05/18,Satel
b,01/05/18,Satel
b,01/05/18,unas
b,01/05/18,HF
b,02/05/18,unas
b,02/05/18,unas
b,02/05/18,unas
b,03/05/18,unas
b,03/05/18,F&K
b,03/05/18,F&K
b,03/05/18,unas
b,03/05/18,unas
b,03/05/18,unas
b,03/05/18,unas
b,03/05/18,HF
b,03/05/18,F&K
b,03/05/18,F&K
b,03/05/18,F&K
b,03/05/18,unas
b,03/05/18,F&K
b,04/05/18,F&K
b,04/05/18,F&K
b,04/05/18,unas
b,04/05/18,F&K
b,04/05/18,F&K
b,04/05/18,F&K
b,04/05/18,unas
b,04/05/18,F&K
b,04/05/18,F&K
b,05/05/18,F&K
b,05/05/18,F&K
b,05/05/18,F&K
b,05/05/18,unas
b,05/05/18,F&K
b,05/05/18,unas
b,05/05/18,F&K
b,05/05/18,unas
b,05/05/18,F&K
b,05/05/18,F&K
b,05/05/18,VocCyberPhunk
b,05/05/18,unas
b,05/05/18,KG0
b,05/05/18,KG0
b,06/05/18,unas
b,06/05/18,unas
b,06/05/18,DPA
b,06/05/18,unas
b,06/05/18,unas
b,06/05/18,ancr
b,06/05/18,F&K
b,06/05/18,F&K
b,06/05/18,F&K
b,06/05/18,unas
b,06/05/18,unas
b,06/05/18,Satel
b,07/05/18,unas
b,07/05/18,Satel
b,07/05/18,Satel
b,07/05/18,Satel
b,07/05/18,Satel
b,07/05/18,Satel
b,07/05/18,Satel
b,07/05/18,KG0
b,07/05/18,unas
b,08/05/18,unas
b,08/05/18,unas
b,08/05/18,unas
b,08/05/18,unas
b,08/05/18,unas
b,08/05/18,unas
b,08/05/18,unas
b,08/05/18,unas
b,08/05/18,unas
b,08/05/18,unas
b,08/05/18,unas
b,09/05/18,unas
b,09/05/18,unas
b,09/05/18,msve
b,09/05/18,unas
b,10/05/18,SRS
b,10/05/18,SRS
b,10/05/18,SRS
b,10/05/18,SRS
b,11/05/18,unas
b,11/05/18,unas
b,11/05/18,unas
b,11/05/18,unas
b,11/05/18,F&K
b,11/05/18,unas
b,12/05/18,ToTD
b,12/05/18,ToTD
b,12/05/18,ToTD
b,12/05/18,ReinAg
b,13/05/18,HF
b,13/05/18,unas
b,13/05/18,unas
b,13/05/18,F&K
b,13/05/18,msve
b,14/05/18,unas
b,14/05/18,HF
b,14/05/18,UpAfter
b,14/05/18,unas
b,14/05/18,unas
b,14/05/18,unas
b,14/05/18,TinTL
b,14/05/18,unas
b,14/05/18,TinTL
b,15/05/18,unas
b,15/05/18,unas
b,15/05/18,unas
b,15/05/18,F&K
b,15/05/18,F&K
b,15/05/18,F&K
b,15/05/18,unas
b,15/05/18,F&K
b,15/05/18,F&K
b,15/05/18,unas
b,15/05/18,F&K
b,16/05/18,unas
b,16/05/18,unas
b,16/05/18,F&K
b,16/05/18,unas
b,16/05/18,F&K
b,16/05/18,F&K
b,16/05/18,unas
b,16/05/18,unas
b,16/05/18,unas
b,16/05/18,F&K
b,17/05/18,unas
b,17/05/18,F&K
b,17/05/18,unas
b,17/05/18,F&K
b,17/05/18,F&K
b,17/05/18,F&K
b,17/05/18,F&K
b,17/05/18,F&K
b,17/05/18,F&K
b,17/05/18,F&K
b,17/05/18,unas
b,17/05/18,unas
b,17/05/18,unas
b,17/05/18,F&K
b,17/05/18,F&K
b,17/05/18,F&K
b,17/05/18,CSL
b,17/05/18,CSL
b,18/05/18,F&K
b,18/05/18,unas
b,18/05/18,unas
b,18/05/18,unas
b,18/05/18,unas
b,18/05/18,msve
b,18/05/18,F&K
b,18/05/18,unas
b,18/05/18,F&K
b,18/05/18,unas
b,19/05/18,unas
b,19/05/18,unas
b,19/05/18,F&K
b,19/05/18,F&K
b,19/05/18,ancr
b,19/05/18,F&K
b,19/05/18,F&K
b,19/05/18,F&K
b,19/05/18,F&K
b,20/05/18,unas
b,20/05/18,unas
b,20/05/18,msve
b,20/05/18,GGLC
b,21/05/18,unas
b,21/05/18,unas
b,21/05/18,unas
b,21/05/18,unas
b,21/05/18,unas
b,21/05/18,unas
b,21/05/18,unas
b,21/05/18,unas
b,21/05/18,unas
b,21/05/18,F&K
b,21/05/18,F&K
b,21/05/18,F&K
b,21/05/18,F&K
b,21/05/18,F&K
b,21/05/18,F&K
b,21/05/18,F&K
b,22/05/18,F&K
b,22/05/18,unas
b,22/05/18,GulPara
b,22/05/18,GulPara
b,22/05/18,F&K
b,22/05/18,F&K
b,22/05/18,F&K
b,22/05/18,F&K
b,23/05/18,F&K
b,23/05/18,F&K
b,23/05/18,F&K
b,23/05/18,F&K
b,23/05/18,F&K
b,23/05/18,F&K
b,23/05/18,F&K
b,24/05/18,unas
b,24/05/18,unas
b,24/05/18,unas
b,24/05/18,unas
b,24/05/18,unas
b,24/05/18,unas
b,24/05/18,unas
b,24/05/18,unas
b,24/05/18,unas
b,24/05/18,unas
b,24/05/18,unas
b,24/05/18,unas
b,24/05/18,F&K
b,24/05/18,F&K
b,24/05/18,F&K
b,25/05/18,unas
b,25/05/18,unas
b,25/05/18,unas
b,25/05/18,F&K
b,25/05/18,F&K
b,25/05/18,F&K
b,25/05/18,unas
b,25/05/18,unas
b,25/05/18,unas
b,26/05/18,unas
b,26/05/18,unas
b,26/05/18,unas
b,26/05/18,unas
b,26/05/18,unas
b,26/05/18,unas
b,26/05/18,unas
b,26/05/18,F&K
b,26/05/18,F&K
b,26/05/18,unas
b,26/05/18,ancr
b,26/05/18,F&K
b,26/05/18,F&K
b,26/05/18,F&K
b,26/05/18,Satel
b,26/05/18,Satel
b,26/05/18,ancr
b,27/05/18,unas
b,27/05/18,unas
b,27/05/18,unas
b,28/05/18,F&K
b,28/05/18,F&K
b,28/05/18,F&K
b,28/05/18,F&K
b,28/05/18,F&K
b,28/05/18,unas
b,28/05/18,unas
b,28/05/18,HF
b,29/05/18,unas
b,29/05/18,unas
b,29/05/18,F&K
b,29/05/18,F&K
b,29/05/18,F&K
b,29/05/18,HF
b,29/05/18,unas
b,29/05/18,F&K
b,29/05/18,F&K
b,29/05/18,unas
b,29/05/18,F&K
b,29/05/18,unas
b,29/05/18,F&K
b,29/05/18,unas
b,29/05/18,unas
b,29/05/18,unas
b,30/05/18,F&K
b,30/05/18,F&K
b,30/05/18,F&K
b,31/05/18,F&K
b,31/05/18,unas
b,31/05/18,Satel
b,31/05/18,Satel
b,31/05/18,Satel
b,31/05/18,Satel
b,31/05/18,Satel
b,31/05/18,Satel
b,31/05/18,unas
b,01/06/18,SRS
b,02/06/18,unas
b,02/06/18,unas
b,02/06/18,TempTrain
b,02/06/18,TempTrain
b,02/06/18,TempTrain
b,02/06/18,CurDi
b,02/06/18,CurDi
b,02/06/18,CurDi
b,02/06/18,CurDi
b,02/06/18,unas
b,02/06/18,unas
b,03/06/18,unas
b,03/06/18,unas
b,03/06/18,unas
b,03/06/18,unas
b,03/06/18,unas
b,03/06/18,VH
b,03/06/18,VH
b,03/06/18,VH
b,03/06/18,VH
b,03/06/18,VH
b,03/06/18,VH
b,03/06/18,unas
b,03/06/18,unas
b,03/06/18,unas
b,03/06/18,F&K
b,03/06/18,F&K
b,03/06/18,F&K
b,03/06/18,VH
b,03/06/18,VH
b,05/06/18,unas
b,05/06/18,unas
b,05/06/18,unas
b,05/06/18,VH
b,05/06/18,VH
b,05/06/18,VH
b,05/06/18,VH
b,05/06/18,VH
b,05/06/18,TWA
b,05/06/18,VH
b,05/06/18,VH
b,05/06/18,VH
b,05/06/18,ancr
b,06/06/18,ancr
b,06/06/18,ancr
b,06/06/18,ancr
b,07/06/18,unas
b,07/06/18,unas
b,07/06/18,unas
b,07/06/18,unas
b,07/06/18,unas
b,07/06/18,unas
b,07/06/18,unas
b,07/06/18,unas
b,07/06/18,F&K
b,07/06/18,unas
b,07/06/18,unas
b,07/06/18,unas
b,07/06/18,F&K
b,07/06/18,F&K
b,07/06/18,F&K
b,07/06/18,unas
b,07/06/18,F&K
b,07/06/18,F&K
b,07/06/18,F&K
b,07/06/18,F&K
b,08/06/18,unas
b,08/06/18,F&K
b,08/06/18,F&K
b,08/06/18,F&K
b,08/06/18,F&K
b,08/06/18,F&K
b,08/06/18,F&K
b,09/06/18,unas
b,09/06/18,F&K
b,09/06/18,F&K
b,09/06/18,ancr
b,09/06/18,F&K
b,09/06/18,msve
b,09/06/18,F&K
b,10/06/18,unas
b,10/06/18,HS&T
b,10/06/18,ProtagRehab
b,10/06/18,ProtagRehab
b,10/06/18,ProtagRehab
b,10/06/18,ProtagRehab
b,10/06/18,ProtagRehab
b,10/06/18,ProtagRehab
b,10/06/18,ProtagRehab
b,10/06/18,ProtagRehab
b,11/06/18,VH
b,11/06/18,VH
b,11/06/18,VH
b,11/06/18,unas
b,11/06/18,VH
b,11/06/18,unas
b,11/06/18,ancr
b,11/06/18,unas
b,11/06/18,Cai
b,11/06/18,F&K
b,12/06/18,unas
b,12/06/18,F&K
b,12/06/18,F&K
b,12/06/18,F&K
b,12/06/18,F&K
b,12/06/18,F&K
b,12/06/18,F&K
b,12/06/18,HS&T
b,12/06/18,ancr
b,13/06/18,CSL
b,13/06/18,unas
b,13/06/18,unas
b,13/06/18,unas
b,13/06/18,unas
b,13/06/18,unas
b,13/06/18,unas
b,13/06/18,VH
b,14/06/18,SRS
b,14/06/18,Satel
b,14/06/18,Satel
b,14/06/18,Satel
b,14/06/18,unas
b,14/06/18,unas
b,14/06/18,unas
b,14/06/18,unas
b,14/06/18,Satel
b,14/06/18,VH
b,14/06/18,VH
b,14/06/18,unas
b,14/06/18,Satel
b,15/06/18,VH
b,15/06/18,VH
b,15/06/18,VH
b,15/06/18,unas
b,15/06/18,VH
b,15/06/18,unas
b,15/06/18,unas
b,15/06/18,unas
b,15/06/18,unas
b,16/06/18,ancr
b,16/06/18,unas
b,16/06/18,F&K
b,16/06/18,F&K
b,16/06/18,unas
b,16/06/18,unas
b,16/06/18,unas
b,16/06/18,VH
b,16/06/18,VH
b,16/06/18,unas
b,16/06/18,unas
b,17/06/18,unas
b,17/06/18,unas
b,17/06/18,unas
b,17/06/18,unas
b,17/06/18,VH
b,17/06/18,unas
b,17/06/18,F&K
b,17/06/18,F&K
b,17/06/18,F&K
b,17/06/18,F&K
b,17/06/18,ancr
b,17/06/18,unas
b,17/06/18,unas
b,17/06/18,unas
b,17/06/18,unas
b,17/06/18,unas
b,17/06/18,unas
b,17/06/18,unas
b,17/06/18,unas
b,17/06/18,unas
b,17/06/18,unas
b,17/06/18,unas
b,18/06/18,unas
b,18/06/18,unas
b,18/06/18,unas
b,18/06/18,unas
b,18/06/18,unas
b,18/06/18,unas
b,18/06/18,unas
b,18/06/18,SRS
b,18/06/18,SRS
b,18/06/18,SRS
b,18/06/18,SRS
b,18/06/18,SRS
b,18/06/18,unas
b,18/06/18,unas
b,19/06/18,SRS
b,19/06/18,unas
b,19/06/18,unas
b,20/06/18,SRS
b,20/06/18,SRS
b,20/06/18,SRS
b,20/06/18,unas
b,20/06/18,SRS
b,20/06/18,SRS
b,20/06/18,unas
b,20/06/18,unas
b,20/06/18,unas
b,20/06/18,unas
b,20/06/18,unas
b,20/06/18,unas
b,21/06/18,unas
b,21/06/18,unas
b,21/06/18,unas
b,21/06/18,F&K
b,22/06/18,F&K
b,22/06/18,unas
b,22/06/18,F&K
b,22/06/18,unas
b,22/06/18,F&K
b,22/06/18,F&K
b,22/06/18,F&K
b,22/06/18,unas
b,22/06/18,F&K
b,22/06/18,F&K
b,22/06/18,F&K
b,22/06/18,unas
b,22/06/18,unas
b,22/06/18,unas
b,23/06/18,F&K
b,23/06/18,F&K
b,24/06/18,F&K
b,24/06/18,F&K
b,25/06/18,unas
b,25/06/18,Satel
b,25/06/18,SRS
b,25/06/18,SRS
b,25/06/18,SRS
b,25/06/18,SRS
b,25/06/18,SRS
b,25/06/18,unas
b,26/06/18,unas
b,26/06/18,ancr
b,26/06/18,CSL
b,26/06/18,unas
b,26/06/18,unas
b,27/06/18,HF
b,27/06/18,HF
b,27/06/18,unas
b,27/06/18,unas
b,27/06/18,HF
b,27/06/18,HF
b,28/06/18,unas
b,28/06/18,F&K
b,28/06/18,unas
b,28/06/18,SRS
b,28/06/18,F&K
b,28/06/18,F&K
b,28/06/18,unas
b,29/06/18,F&K
b,29/06/18,F&K
b,29/06/18,F&K
b,29/06/18,F&K
b,30/06/18,unas
b,30/06/18,unas
b,30/06/18,F&K
b,01/07/18,unas
b,01/07/18,SRS
b,02/07/18,unas
b,02/07/18,unas
b,02/07/18,unas
b,02/07/18,unas
b,03/07/18,SRS
b,03/07/18,HS&T
b,04/07/18,unas
b,04/07/18,F&K
b,05/07/18,F&K
b,05/07/18,F&K
b,05/07/18,unas
b,05/07/18,Satel
b,05/07/18,unas
b,05/07/18,unas
b,05/07/18,unas
b,06/07/18,unas
b,07/07/18,unas
b,07/07/18,unas
b,07/07/18,unas
b,07/07/18,unas
b,07/07/18,SRS
b,07/07/18,unas
b,07/07/18,unas
b,07/07/18,unas
b,07/07/18,ancr
b,07/07/18,unas
b,07/07/18,Cai
b,07/07/18,Starshell
b,08/07/18,SRS
b,08/07/18,F&K
b,08/07/18,F&K
b,08/07/18,SRS
b,08/07/18,SRS
b,09/07/18,unas
b,09/07/18,F&K
b,09/07/18,F&K
b,10/07/18,F&K
b,10/07/18,F&K
b,10/07/18,F&K
b,10/07/18,F&K
b,10/07/18,F&K
b,11/07/18,unas
b,11/07/18,SRS
b,11/07/18,HS&T
b,11/07/18,HS&T
b,11/07/18,LSCai
b,12/07/18,F&K
b,12/07/18,F&K
b,12/07/18,SRS
b,12/07/18,F&K
b,12/07/18,ancr
b,12/07/18,F&K
b,13/07/18,unas
b,13/07/18,unas
b,13/07/18,F&K
b,13/07/18,F&K
b,13/07/18,F&K
b,13/07/18,StrShr
b,14/07/18,SRS
b,14/07/18,unas
b,14/07/18,unas
b,14/07/18,F&K
b,14/07/18,F&K
b,14/07/18,F&K
b,14/07/18,VH
b,14/07/18,F&K
b,14/07/18,VH
b,14/07/18,VH
b,14/07/18,F&K
b,14/07/18,F&K
b,14/07/18,F&K
b,15/07/18,unas
b,15/07/18,SRS
b,15/07/18,F&K
b,15/07/18,F&K
b,16/07/18,OHWNW
b,16/07/18,ancr
b,16/07/18,unas
b,16/07/18,StrShr
b,16/07/18,HS&T
b,17/07/18,unas
b,17/07/18,unas
b,17/07/18,CSL
b,17/07/18,LSCai
b,17/07/18,LSCai
b,17/07/18,unas
b,17/07/18,CSL
b,17/07/18,unas
b,18/07/18,unas
b,18/07/18,F&K
b,18/07/18,F&K
b,18/07/18,F&K
b,18/07/18,F&K
b,18/07/18,unas
b,18/07/18,unas
b,18/07/18,unas
b,18/07/18,unas
b,18/07/18,unas
b,18/07/18,HF
b,18/07/18,HF
b,18/07/18,SRS
b,18/07/18,GulPara
b,18/07/18,unas
b,18/07/18,unas
b,19/07/18,ancr
b,21/07/18,unas
b,21/07/18,unas
b,21/07/18,unas
b,22/07/18,HF
b,23/07/18,unas
b,23/07/18,unas
b,24/07/18,unas
b,24/07/18,F&K
b,24/07/18,F&K
b,24/07/18,F&K
b,24/07/18,F&K
b,24/07/18,RtNFEx
b,25/07/18,unas
b,26/07/18,unas
b,26/07/18,unas
b,27/07/18,unas
b,30/07/18,unas
b,30/07/18,SRS
c,31/07/18,VH
c,31/07/18,VH
c,31/07/18,SRS
c,31/07/18,SRS
c,31/07/18,unas
c,31/07/18,SRS
c,31/07/18,SRS
c,01/08/18,unas
c,01/08/18,unas
c,01/08/18,Satel
c,01/08/18,Starshell
c,01/08/18,Starshell
c,02/08/18,Starshell
c,02/08/18,Starshell
c,02/08/18,unas
c,02/08/18,Starshell
c,03/08/18,unas
c,03/08/18,MSW
c,03/08/18,MSW
c,04/08/18,MSW
c,04/08/18,unas
c,04/08/18,unas
c,04/08/18,MSW
c,04/08/18,MSW
c,04/08/18,unas
c,04/08/18,MSW
c,04/08/18,MSW
c,04/08/18,unas
c,05/08/18,MSW
c,05/08/18,GulPara
c,05/08/18,GulPara
c,05/08/18,unas
c,05/08/18,unas
c,05/08/18,unas
c,05/08/18,unas
c,05/08/18,Kaku
c,05/08/18,unas
c,05/08/18,Kaku
c,05/08/18,Kaku
c,05/08/18,Kaku
c,05/08/18,Kaku
c,06/08/18,Kaku
c,06/08/18,Kaku
c,06/08/18,MSW
c,06/08/18,MSW
c,06/08/18,MSW
c,06/08/18,MSW
c,07/08/18,MSW
c,07/08/18,unas
c,07/08/18,unas
c,07/08/18,DerpIn
c,07/08/18,Astrog
c,07/08/18,Astrog
c,07/08/18,Astrog
c,07/08/18,unas
c,07/08/18,VH
c,07/08/18,unas
c,08/08/18,SRS
c,08/08/18,SRS
c,08/08/18,SRS
c,08/08/18,unas
c,09/08/18,unas
c,09/08/18,unas
c,09/08/18,unas
c,09/08/18,F&K
c,09/08/18,Starshell
c,10/08/18,unas
c,11/08/18,VH
c,11/08/18,VH
c,11/08/18,VH
c,11/08/18,VH
c,12/08/18,unas
c,12/08/18,unas
c,12/08/18,unas
c,12/08/18,unas
c,12/08/18,StrShr
c,12/08/18,StrShr
c,13/08/18,unas
c,13/08/18,unas
c,13/08/18,RW
c,13/08/18,unas
c,13/08/18,SRS
c,13/08/18,SRS
c,13/08/18,F&K
c,13/08/18,unas
c,13/08/18,unas
c,13/08/18,Kaku
c,14/08/18,Kaku
c,14/08/18,Kaku
c,14/08/18,F&K
c,14/08/18,F&K
c,14/08/18,F&K
c,14/08/18,F&K
c,14/08/18,F&K
c,14/08/18,F&K
c,14/08/18,unas
c,15/08/18,SRS
c,16/08/18,SRS
c,16/08/18,ancr
c,18/08/18,unas
c,18/08/18,unas
c,18/08/18,unas
c,18/08/18,VH
c,18/08/18,VH
c,18/08/18,VH
c,18/08/18,VH
c,18/08/18,VH
c,18/08/18,VH
c,18/08/18,unas
c,19/08/18,unas
c,19/08/18,unas
c,20/08/18,unas
c,21/08/18,F&K
c,21/08/18,unas
c,21/08/18,F&K
c,21/08/18,F&K
c,22/08/18,F&K
c,22/08/18,F&K
c,23/08/18,F&K
c,23/08/18,F&K
c,23/08/18,F&K
c,24/08/18,unas
c,26/08/18,unas
c,26/08/18,F&K
c,27/08/18,unas
c,29/08/18,F&K
c,30/08/18,unas
c,31/08/18,unas
c,31/08/18,StrShr
c,02/09/18,CSL
c,02/09/18,F&K
c,02/09/18,VH
c,03/09/18,F&K
c,03/09/18,unas
c,04/08/18,F&K
c,04/08/18,F&K
c,04/08/18,unas
c,05/09/18,unas
c,06/09/18,unas
c,06/09/18,unas
c,08/09/18,unas
c,08/09/18,unas
c,08/09/18,unas
c,08/09/18,MSW
c,08/09/18,MSW
c,08/09/18,unas
c,09/09/18,F&K
c,10/09/18,F&K
c,10/09/18,unas
c,10/09/18,F&K
c,10/09/18,unas
c,11/09/18,F&K
c,11/09/18,F&K
c,11/09/18,F&K
c,11/09/18,F&K
c,11/09/18,unas
c,12/09/18,unas
c,12/09/18,unas
c,12/09/18,unas
c,12/09/18,unas
c,12/09/18,F&K
c,12/09/18,schoolessay
c,12/09/18,unas
c,12/09/18,unas
c,13/09/18,schoolessay
c,14/09/18,F&K
c,14/09/18,F&K
c,14/09/18,unas
c,14/09/18,unas
c,14/09/18,unas
c,14/09/18,SL.k
c,14/09/18,unas
c,14/09/18,AmoLaD
c,15/09/18,StrShr
c,15/09/18,unas
c,17/09/18,unas
c,17/09/18,unas
c,18/09/18,unas
c,18/09/18,SRS
c,18/09/18,SRS
c,18/09/18,F&K
c,18/09/18,unas
c,19/09/18,SRS
c,20/09/18,unas
c,22/09/18,unas
c,23/09/18,unas
c,23/09/18,unas
c,24/09/18,unas
c,24/09/18,F&K
c,24/09/18,F&K
c,24/09/18,unas
c,24/09/18,F&K
c,25/09/18,unas
c,25/09/18,unas
c,26/09/18,F&K
c,26/09/18,unas
c,27/09/18,VH
c,30/09/18,unas
c,30/09/18,SRS
c,30/09/18,VH
c,30/09/18,VH
c,01/10/18,unas
c,01/10/18,unas
c,01/10/18,unas
c,01/10/18,unas
c,01/10/18,unas
c,01/10/18,unas
c,02/10/18,unas
c,02/10/18,unas
c,03/10/18,unas
c,03/10/18,unas
c,04/10/18,unas
c,04/10/18,unas
c,04/10/18,unas
c,04/10/18,unas
c,04/10/18,unas
c,05/10/18,unas
c,05/10/18,unas
c,05/10/18,unas
c,05/10/18,unas
c,06/10/18,F&K
c,06/10/18,unas
c,06/10/18,unas
c,06/10/18,unas
c,06/10/18,unas
c,06/10/18,unas
c,06/10/18,unas
c,06/10/18,unas
c,07/10/18,unas
c,07/10/18,unas
c,07/10/18,unas
c,08/10/18,unas
c,08/10/18,unas
c,09/10/18,unas
c,09/10/18,unas
c,10/10/18,unas
c,10/10/18,unas
c,11/10/18,unas
c,11/10/18,SpSal
c,13/10/18,SL.k
c,13/10/18,SL.k
c,13/10/18,SL.k
c,13/10/18,SL.k
c,13/10/18,SL.k
c,13/10/18,SL.k
c,14/10/18,SL.k
c,14/10/18,SL.k
c,14/10/18,F&K
c,14/10/18,unas
c,14/10/18,unas
c,14/10/18,unas
c,14/10/18,F&K
c,14/10/18,F&K
c,14/10/18,unas
c,14/10/18,unas
c,15/10/18,unas
c,15/10/18,SL.k
c,15/10/18,SL.k
c,16/10/18,unas
c,16/10/18,unas
c,16/10/18,unas
c,16/10/18,HS&T
c,17/10/18,unas
c,17/10/18,F&K
c,17/10/18,F&K
c,17/10/18,F&K
c,18/10/18,F&K
c,18/10/18,F&K
c,18/10/18,F&K
c,18/10/18,F&K
c,18/10/18,F&K
c,18/10/18,F&K
c,18/10/18,F&K
c,18/10/18,F&K
c,18/10/18,F&K
c,18/10/18,F&K
c,18/10/18,TinTL
c,18/10/18,unas
c,18/10/18,unas
c,18/10/18,F&K
c,18/10/18,unas
c,18/10/18,AmoLaD
c,18/10/18,unas
c,19/10/18,unas
c,20/10/18,SRS
c,20/10/18,SRS
c,20/10/18,SRS
c,20/10/18,unas
c,20/10/18,unas
c,21/10/18,unas
c,21/10/18,unas
c,21/10/18,unas
c,22/10/18,HS&T
c,22/10/18,HS&T
c,23/10/18,SRS
c,23/10/18,unas
c,23/10/18,SRS
c,23/10/18,SRS
c,23/10/18,unas
c,23/10/18,SL.k
c,23/10/18,SL.k
c,23/10/18,AudFGtW
c,23/10/18,AudFGtW
c,23/10/18,AudFGtW
c,23/10/18,AudFGtW
c,25/10/18,SL.k
c,25/10/18,SL.k
c,25/10/18,SL.k
c,25/10/18,SRS
c,25/10/18,SRS
c,26/10/18,SRS
c,26/10/18,unas
c,27/10/18,SRS
c,27/10/18,unas
c,29/10/18,F&K
c,31/10/18,NFM
c,31/10/18,NFM
c,01/11/18,unas
c,01/11/18,GP
c,02/11/18,SRS
c,02/11/18,SRS
c,02/11/18,SRS
c,02/11/18,SRS
c,02/11/18,unas
c,02/11/18,unas
c,02/11/18,unas
c,03/11/18,SRS
c,03/11/18,unas
c,03/11/18,unas
c,04/11/18,unas
c,04/11/18,unas
c,06/11/18,unas
c,09/11/18,SRS
c,09/11/18,SRS
c,09/11/18,SRS
c,09/11/18,SRS
c,10/11/18,GP
c,10/11/18,GP
c,10/11/18,GP
c,11/11/18,GP
c,12/11/18,WSD
c,12/11/18,unas
c,13/11/18,unas
c,13/11/18,unas
c,13/11/18,Satel
c,14/11/18,unas
c,16/11/18,SL.k
c,16/11/18,unas
c,16/11/18,TinTL
c,17/11/18,unas
c,17/11/18,unas
c,18/11/18,GrapMar
c,19/11/18,unas
c,20/11/18,SumSchool
c,20/11/18,SumSchool
c,20/11/18,SumSchool
c,20/11/18,unas
c,20/11/18,SumSchool
c,20/11/18,SumSchool
c,22/11/18,unas
c,22/11/18,unas
c,22/11/18,unas
c,23/11/18,unas
c,23/11/18,unas
c,24/11/18,unas
c,25/11/18,unas
c,25/11/18,unas
c,26/11/18,unas
c,27/11/18,VH
c,29/11/18,DerpIn
c,29/11/18,DerpIn
c,29/11/18,DerpIn
c,30/11/18,unas
c,01/12/18,SL.k
c,01/12/18,SL.k
c,01/12/18,SL.k
c,01/12/18,SL.k
c,01/12/18,SL.k
c,01/12/18,SL.k
c,02/12/18,unas
c,02/12/18,unas
c,02/12/18,WSD
c,03/12/18,SL.k
c,04/12/18,TG
c,04/12/18,unas
c,05/12/18,unas
c,06/12/18,unas
c,07/12/18,unas
c,07/12/18,HS&T
c,07/12/18,unas
c,08/12/18,unas
c,08/12/18,unas
c,08/12/18,unas
c,08/12/18,unas
c,08/12/18,unas
c,08/12/18,HS&T
c,08/12/18,GitK
c,09/12/18,F&K
c,09/12/18,unas
c,10/12/18,HF
c,11/12/18,unas
c,11/12/18,unas
c,12/12/18,HS&T
c,12/12/18,unas
c,12/12/18,StrShr
c,14/12/18,unas
c,14/12/18,unas
c,15/12/18,unas
c,16/12/18,unas
c,16/12/18,unas
c,18/12/18,unas
